{
    "SAC-random": {
        "avg_reward": 28.43240427730861,
        "avg_length": 243.0242718446602,
        "total_episode_num": 206
    },
    "uniform": {
        "avg_reward": 132.831353032784,
        "avg_length": 600.6309523809524,
        "total_episode_num": 84
    },
    "SAC-medium": {
        "avg_reward": 560.5531922431089,
        "avg_length": 926.4181818181818,
        "total_episode_num": 55
    },
    "SAC-expert": {
        "avg_reward": 891.5616505395831,
        "avg_length": 1000.0,
        "total_episode_num": 50
    }
}