{
    "SAC-random": {
        "avg_reward": 12.314461538461538,
        "avg_length": 12.314461538461538,
        "total_episode_num": 1625
    },
    "uniform": {
        "avg_reward": 12.717101080737445,
        "avg_length": 12.717101080737445,
        "total_episode_num": 1573
    },
    "SAC-medium": {
        "avg_reward": 915.5454545454545,
        "avg_length": 915.5454545454545,
        "total_episode_num": 22
    },
    "SAC-expert": {
        "avg_reward": 879.2608695652174,
        "avg_length": 879.2608695652174,
        "total_episode_num": 23
    }
}
