{
    "SAC-random": {
        "avg_reward": 37.44859813084112,
        "avg_length": 37.44859813084112,
        "total_episode_num": 535
    },
    "uniform": {
        "avg_reward": 37.0462962962963,
        "avg_length": 37.0462962962963,
        "total_episode_num": 540
    },
    "SAC-medium": {
        "avg_reward": 417.4583333333333,
        "avg_length": 417.4583333333333,
        "total_episode_num": 48
    },
    "SAC-expert": {
        "avg_reward": 1000.0,
        "avg_length": 1000.0,
        "total_episode_num": 20
    }
}
