{
    "SAC-random": {
        "avg_reward": 96.1565360771393,
        "avg_length": 227.7409090909091,
        "total_episode_num": 220
    },
    "uniform": {
        "avg_reward": 273.0789322751331,
        "avg_length": 604.144578313253,
        "total_episode_num": 83
    },
    "SAC-medium": {
        "avg_reward": 657.1490945097761,
        "avg_length": 980.9607843137255,
        "total_episode_num": 51
    },
    "SAC-expert": {
        "avg_reward": 916.6136138546957,
        "avg_length": 1000.0,
        "total_episode_num": 50
    }
}