{
    "SAC-random": {
        "avg_reward": 8.014030730725521,
        "avg_length": 40.81973898858075,
        "total_episode_num": 1226
    },
    "uniform": {
        "avg_reward": 18.990587982711,
        "avg_length": 76.98153846153846,
        "total_episode_num": 650
    },
    "SAC-medium": {
        "avg_reward": 587.9943265881026,
        "avg_length": 1000.0,
        "total_episode_num": 50
    },
    "SAC-expert": {
        "avg_reward": 911.6994384004105,
        "avg_length": 1000.0,
        "total_episode_num": 50
    }
}
