{
    "SAC-random": {
        "avg_reward": 7.028908413383893,
        "avg_length": 40.500404858299596,
        "total_episode_num": 1235
    },
    "uniform": {
        "avg_reward": 17.1864151079375,
        "avg_length": 78.86342229199371,
        "total_episode_num": 637
    },
    "SAC-medium": {
        "avg_reward": 607.8207845427825,
        "avg_length": 1000.0,
        "total_episode_num": 50
    },
    "SAC-expert": {
        "avg_reward": 901.6332322356717,
        "avg_length": 1000.0,
        "total_episode_num": 50
    }
}
