{
    "SAC-random": {
        "avg_reward": 27.694233397600648,
        "avg_length": 157.06583072100312,
        "total_episode_num": 319
    },
    "uniform": {
        "avg_reward": 104.10895523956509,
        "avg_length": 397.37795275590554,
        "total_episode_num": 127
    },
    "SAC-medium": {
        "avg_reward": 528.165904509798,
        "avg_length": 747.5074626865671,
        "total_episode_num": 67
    },
    "SAC-expert": {
        "avg_reward": 889.6484060810893,
        "avg_length": 990.0980392156863,
        "total_episode_num": 51
    }
}