{
    "SAC-random": {
        "avg_reward": 21.2801479093299,
        "avg_length": 252.36683417085428,
        "total_episode_num": 199
    },
    "uniform": {
        "avg_reward": 72.71569793611758,
        "avg_length": 561.1666666666666,
        "total_episode_num": 90
    },
    "SAC-medium": {
        "avg_reward": 583.0909368832533,
        "avg_length": 1000.0,
        "total_episode_num": 50
    },
    "SAC-expert": {
        "avg_reward": 881.4251082669347,
        "avg_length": 1000.0,
        "total_episode_num": 50
    }
}
