{
    "SAC-random": {
        "avg_reward": 28.804222455012866,
        "avg_length": 168.00833333333333,
        "total_episode_num": 120
    },
    "uniform": {
        "avg_reward": 18.22481519263737,
        "avg_length": 125.09375,
        "total_episode_num": 160
    },
    "SAC-medium": {
        "avg_reward": 311.0120479888742,
        "avg_length": 596.1764705882352,
        "total_episode_num": 34
    },
    "SAC-expert": {
        "avg_reward": 902.5737706020378,
        "avg_length": 960.7142857142857,
        "total_episode_num": 21
    }
}
