{
    "SAC-random": {
        "avg_reward": 7.587185754386261,
        "avg_length": 40.22526146419952,
        "total_episode_num": 1243
    },
    "uniform": {
        "avg_reward": 18.734533920259107,
        "avg_length": 78.63679245283019,
        "total_episode_num": 636
    },
    "SAC-medium": {
        "avg_reward": 617.7538629142649,
        "avg_length": 1000.0,
        "total_episode_num": 50
    },
    "SAC-expert": {
        "avg_reward": 898.5360137577493,
        "avg_length": 1000.0,
        "total_episode_num": 50
    }
}
