{
    "SAC-random": {
        "avg_reward": 8.585638783653023,
        "avg_length": 39.99600319744204,
        "total_episode_num": 1251
    },
    "uniform": {
        "avg_reward": 21.97613533238579,
        "avg_length": 79.04423380726698,
        "total_episode_num": 633
    },
    "SAC-medium": {
        "avg_reward": 599.6705464411097,
        "avg_length": 1000.0,
        "total_episode_num": 50
    },
    "SAC-expert": {
        "avg_reward": 891.2320868079596,
        "avg_length": 1000.0,
        "total_episode_num": 50
    }
}
