{
    "SAC-random": {
        "avg_reward": 36.69047619047619,
        "avg_length": 36.69047619047619,
        "total_episode_num": 546
    },
    "uniform": {
        "avg_reward": 35.53641207815275,
        "avg_length": 35.53641207815275,
        "total_episode_num": 563
    },
    "SAC-medium": {
        "avg_reward": 477.95238095238096,
        "avg_length": 477.95238095238096,
        "total_episode_num": 42
    },
    "SAC-expert": {
        "avg_reward": 1000.0,
        "avg_length": 1000.0,
        "total_episode_num": 20
    }
}
