{
    "SAC-random": {
        "avg_reward": 38.612250705241756,
        "avg_length": 180.02678571428572,
        "total_episode_num": 112
    },
    "uniform": {
        "avg_reward": 25.068320581173605,
        "avg_length": 129.68387096774194,
        "total_episode_num": 155
    },
    "SAC-medium": {
        "avg_reward": 423.3257783390177,
        "avg_length": 501.1,
        "total_episode_num": 40
    },
    "SAC-expert": {
        "avg_reward": 956.5744329674077,
        "avg_length": 1000.0,
        "total_episode_num": 20
    }
}
