{
    "SAC-random": {
        "avg_reward": 27.985450475657526,
        "avg_length": 27.985450475657526,
        "total_episode_num": 3574
    },
    "uniform": {
        "avg_reward": 29.82702057858634,
        "avg_length": 29.82702057858634,
        "total_episode_num": 3353
    },
    "SAC-medium": {
        "avg_reward": 801.664,
        "avg_length": 801.664,
        "total_episode_num": 125
    },
    "SAC-expert": {
        "avg_reward": 931.7222222222222,
        "avg_length": 931.7222222222222,
        "total_episode_num": 108
    }
}
