{
    "SAC-random": {
        "avg_reward": 13.367558941017714,
        "avg_length": 255.89340101522842,
        "total_episode_num": 197
    },
    "uniform": {
        "avg_reward": 60.78506130166931,
        "avg_length": 598.9880952380952,
        "total_episode_num": 84
    },
    "SAC-medium": {
        "avg_reward": 583.6086480847573,
        "avg_length": 998.3333333333334,
        "total_episode_num": 51
    },
    "SAC-expert": {
        "avg_reward": 881.0627608045568,
        "avg_length": 1000.0,
        "total_episode_num": 50
    }
}